PC1,PC2,PC3,PC4,PC5,PC6,PC7,PC8,PC9,PC10
1.304122362194141,0.9168753418291484,-0.586559783140903,0.0783986329835261,-0.10827527374083319,-0.9329772381063234,0.6505317141480179,-0.8515928869816237,1.0874947720872372,-1.5759289425508825
3.447150547316339,0.8638615841389344,3.449417708181276,-1.2628740917360917,-1.2358064520552945,1.2368182858568082,0.09492808995156728,1.0778754125372427,0.42061701869617785,-0.7652790962324475
-0.689917771122501,-1.4925943200747347,-0.4234324678872834,0.5158616381659255,0.2597520510986606,-1.3161398070620929,-0.1564467062803638,0.6532084177686903,-0.8270712985574951,1.072001645155579
-0.360543358427981,-1.3106482927439218,-0.3831026115341354,0.3812959062318518,0.04260518534514776,-1.7282396277035426,0.4138074006720444,0.19329741649710014,0.40409985553274325,-0.8269743771423933
0.42319733491214573,3.946500157623869,0.3462521244316021,-0.5417216231349861,-0.4330547613245505,-0.11538830741830908,-0.00954801693047503,0.5331133126829652,-0.6843130117687216,0.9564564455593817
-2.1662703553153655,1.1917050045965742,-2.0228893580231535,-0.18624411307941113,-0.6454921590807895,2.5526961377040016,-0.31802391073069974,0.12735863965509328,-0.23670582071991064,0.02651155759267704
-1.5402747963403889,-1.1612942971865732,-1.3517197386438695,-0.719138483550953,-0.22849783463113943,-0.7164708708548353,1.0658622882719515,0.19917742343613262,-0.3783721256533664,0.5047425090256422
-2.720626357351059,2.822378634111307,1.833820534740457,0.17729002347669778,0.24833986772635563,1.2918464566981445,-0.4330709176409787,-0.22945438511067143,-0.0629487989752424,0.6836519696784749
-2.5405728011327486,-3.7899151025430795,2.483056633515977,-3.787942212690533,-1.8838301756532312,0.915038041311411,1.1618965575224403,0.7251756043853184,-0.28623155313569904,-0.125056383601163
-1.0872047721836768,0.13041090578710104,-2.931210805007572,-1.555805040816111,-1.2057362554529958,0.636612844307644,1.1457539370462084,0.323877025288015,-0.6825010249884654,0.4798872099430002
1.5944357261661388,-0.46790828482645,-1.3916416586188378,0.964096790347373,-0.04237058276835079,-0.27708480505267985,0.8644827372329591,0.18797491168339994,0.14198974447185372,-0.32496966242962944
0.4092836349158079,1.5471841746611115,2.288348617090498,1.3645785533081813,0.6874147027244684,-2.18651115374307,0.053076109801079074,0.3197835242492624,-0.20223422441230626,0.24745396483295679
2.6706276257496744,-3.6747362206325356,4.661047573027445,0.6635374594480057,-0.6342537926340412,1.6687984420792223,-0.9643611659156032,-4.240243519296036,-0.526152659412882,0.6037253034770079
0.31822097892766515,0.4247013540531396,-2.6853635865791534,-0.5185294482172071,-0.8013223430520227,0.30223287260149617,0.8584019727288962,0.265116834446502,-0.04768339076994373,-0.14366923036205412
-1.2637855365467792,-1.4344619073804323,-1.5176545070912044,-0.48036396818071936,-0.18311176263271425,-0.6715112235661335,1.0940371046959891,0.21028494514453927,-0.44409716043221154,0.5533183845381687
0.4569441456955326,-0.08233860234214846,-1.252993101685125,0.42551848477865484,-0.03325361003453238,-0.13378331231463736,0.919281169902897,0.33054855647856113,-0.5602284150555805,0.8492367275163358
1.6165220480049167,1.844393048054099,-0.8478136585139745,1.1444206930876435,-0.07936666009591,0.852725849719401,0.13356308481852508,0.18890205512495337,-0.4196038486098987,0.6026573745226116
-0.33314935429874043,0.8919898950371798,-2.202079058551164,-0.5590595642553907,-0.7360520204817611,0.643682865556004,1.1243046474978486,0.4181597020395665,-1.005056428491685,1.171939294850204
-1.279882309482171,-1.4341688117312532,-1.5040895251298538,-0.4664544259680012,-0.1407757179717098,-0.6328957849017955,1.047845985179533,0.24159837759470498,-0.5277868499209873,0.6899944152565147
-0.10410831529695869,-1.5959601961089505,-0.6871225113261705,0.33328194686385937,0.032474380016329754,-2.2612764089239388,-0.4088805518174145,0.34565547619556086,1.0170761306344858,-1.7688142546821841
2.2823951044128674,0.5778276677423622,-0.8374469121151986,1.3660966247320867,0.3491023454562539,-0.3768088881811441,-0.448233998451774,0.3739610715376406,0.5401941617725518,-0.7632345789626352
0.7710042651131106,-0.9501780025359962,-0.9670866342522312,-2.6496127669369467,-1.4735563397960367,-0.1260147435469729,-0.254692056197287,-0.49581224920717526,14.189544948747848,7.489491243065433
1.046405797614813,-0.46761929484271886,-1.960939375651359,-1.027880411146785,2.392901888304252,-0.13085727876090086,-1.1740231926096651,0.3215532126214559,-0.15796736667860733,0.13693107624712675
-0.2626424714646027,0.5059148588787837,-1.2212243216806165,-0.97448486773892,2.303334097219507,0.6980660375511152,-0.4567825476469455,-0.1057583897888678,0.23532677135773414,-0.5469057218158294
-0.7254579911329513,0.21562178092144826,-3.016716742955823,-2.0264605950315886,-1.0184914827058202,0.21086439103967303,-1.506755114109152,1.0428328189149172,-1.3220124910468258,1.5201793765542069
1.3994262543305525,0.3845395491480425,-2.3839346709110667,0.28243078610392147,-0.27600545858762504,0.3647570158679918,-0.5822778672217188,0.7020791433899064,-0.7493347010242254,0.9664290787589431
-3.5728213396035087,-2.0187361027404664,0.1289243361159577,0.053149432671536406,0.2097348746363799,-0.09477026348617185,-1.3934375430704897,-0.08976284728379198,0.5269871388367118,-0.7725086329758457
-2.9015285727682594,-1.4635887074729184,0.21230503594260589,-0.3889365544494455,0.05289809727772903,-0.9035016255919771,-0.771845373936814,0.454151090213934,-0.44005021418726625,0.6080831421017717
4.834401446258529,-1.8710512715143444,2.5695517691028997,-1.5686740455685129,-1.2568188896889891,1.564201842415579,-1.8369879556261217,-4.4040065339983725,-0.6882849157364488,1.6917312559467697
0.2909697767404583,-0.6435959862891663,1.889849447132288,3.2446559518087463,1.4484336109646263,-0.21488413868402997,-1.7211887647435322,0.2403967205523758,0.3285262549594282,-0.025709590210937945
-0.662886806463618,-1.9704495994425626,0.41842464198403423,0.6344489071948503,0.6475752880714498,-1.8497413284516142,-0.6098918572883172,0.48981392418821845,-0.7222596733185923,1.2124985165065323
-0.8816230626808538,-3.964165586885517,3.335198045745999,0.17165212978620675,-0.2884437059590059,3.423303346723914,-1.87926661555526,0.826077261646891,-0.11647334886539151,0.08346400771801288
1.081265471695657,1.8420602225184939,-0.25274954695611207,-1.3134857440082097,2.3995000039479857,-0.8155288912020816,-0.9545258174148967,0.2007602978909455,-0.01675252087830032,-0.08763499868688444
0.36533814208193643,-2.0947360084003415,0.698596689690202,-3.346376275601222,-2.042021671968248,2.127286508703732,-0.18158754744255476,1.5541093132370853,-1.2121200022246954,1.239767121424159
0.7480103335382356,3.958336890358164,0.4806007083383715,0.09516623233077406,-0.19814343180339308,0.35159139906343506,-1.2585484013211816,0.3335222581490576,-0.2950148882106064,0.674385419214829
-0.8920118216866553,-1.3120355473201415,-0.8185909532178143,-0.4527584608380413,0.08266006136351438,-1.0703641367892605,-0.03743537775653986,0.19156900529818424,-0.3353008778431293,0.8179665356721342
-0.1642183985341066,1.209380313978316,-0.5880726313662525,-0.9249632301754883,-0.4113946183389187,-0.8167026991235055,-1.2663186121245316,0.7404474145027763,-0.747980145471367,0.8963622595334786
-1.0911405611032263,6.129697458061177,1.943526635414036,-2.7558187541810732,-0.27524292901459163,-1.8415138883706443,-1.5166983255216324,0.18444368754405166,0.5270410996058764,-0.7699876612628073
1.5173601772275838,-0.6083031950735189,-1.1725729985245505,0.7055335446763152,-0.12780357805706632,0.11974188840746476,-1.79438198145383,-1.9325467962035818,-0.6089521546791679,0.7823970101019995
0.42049643466355735,-2.4446076532616536,0.3186282947743867,-3.6858047823008224,-2.092697960879532,2.015313810325134,-0.5759494170186291,1.346808967051659,-1.1806509386878867,0.9453519352198303
-0.3348471994303459,-3.241229610205078,-0.027315068113655895,-1.0515464260040026,-0.9052321184091027,-2.2475856556514833,-1.3580758540115372,-8.42114356490879,-0.6196611676003018,0.5023498303244608
0.6251835806452694,-1.4474837949183414,-0.45434143298074814,0.8173245041926486,0.31411087909831464,-2.290604401252727,-1.804322715360603,0.7885459908153789,0.37016077969374933,-0.766748507662919
0.654035550345074,0.5367464061901712,-2.4274213891907723,0.4000005742200876,-0.30878192072364313,1.4608639396058325,-2.018137830040914,0.522181488340965,0.10149911982164539,-0.05108581650936001
1.9946007479729986,-0.47994004588000017,-1.7314624478417815,0.5965559489261727,0.007848995820032258,-0.8970563913578179,-0.45333470925812847,0.2431078741958107,0.763660898374948,-1.1934820767804657
-0.3561496546892746,-3.473168666917034,0.8540590533594263,-9.672442119024783,6.305925737518646,2.741072632943266,-0.0010261247181208198,0.3379112245994598,0.07476067160847549,-0.8679753228170115
-2.5175546106722013,-0.7352692332905507,-0.06569348959423185,-1.834945699395931,1.2159349842592708,-1.75566807467776,-0.21275330080623273,0.22708056639649393,0.026796701642231403,-0.34995412202683746
-2.9106496017392107,-1.836713052584258,-1.66834442249163,-2.331507448780463,-0.8970712673549951,-0.8854286592513592,-0.7830682643104038,0.4223833444561189,-0.42001475222170503,0.17320544612985253
2.5275987590642988,0.5771200193727283,-0.735454067739291,1.065588176721086,0.16432352066353692,-0.9278900105818648,-0.8812757040021062,-0.5491764247646923,-0.18831097228739427,-0.06358090532080556
-0.5984231602821034,0.08219574734839857,-3.459219572070936,-2.495431875835846,-1.5879564275947127,-0.27412850270203604,-0.9747672428136562,-0.7295801915861168,0.12142659410593118,-1.1164558335811317
-0.2765188914464936,0.42828810848355287,-1.8288655399654055,0.8659456316688575,-0.2509151256950494,2.331457366802236,-1.3291016295272318,0.1839142969685679,0.14787743416263227,-0.2875177410463598
-1.7925557814892976,1.648514309389343,-0.8464618598860938,-2.760738590750793,-1.2281993767130037,-1.1998240537691265,-1.10861475549786,-0.7555221032469468,0.3831510779235379,-1.1335576744209328
2.5549170767394243,2.5616576646540894,-0.6310402366420262,0.508700103479845,-0.0612029746056303,-0.5231686142239168,-1.664927533261484,0.8485104522997161,-0.3093479882804679,0.6192498242781944
-5.100487411906806,-1.9118804522574775,0.30299495609588917,-0.9367100541131199,-0.16836749746152324,0.2094320403101244,-1.7439386832034711,-0.19207763659059476,0.4756756134206982,-0.8477744751506716
-0.20094591707213394,-1.4991738431513106,-0.3453293754745603,0.5135857390859598,0.17219704386769819,-2.0465244412509134,-1.6065869834537843,0.23796690510964977,1.3707567698661214,-2.224995712960203
4.395231343407578,-1.1862665711472824,2.0460512108961333,-0.9067668554353205,-1.058316561383597,1.3685189053795468,-1.4929185466947235,1.6197871500677312,-0.18619041144179918,0.1732109541719836
1.7409180676942293,0.5339906482560288,-1.8585982205508969,-0.4989363761565954,-1.1191187715588735,0.3734434603895867,0.9509698943847227,0.08496701545296534,0.9457100871686798,-1.7110285490401076
-0.04451064250772991,-1.735961124610284,-0.998316070512411,-0.28668442220194434,0.13663020947321972,-2.1872261025423363,-2.5906675041370253,0.9870398099757165,-0.37175963581930904,0.22221682117146963
0.554069916389014,1.352076681330699,-2.4527311510268492,-2.3481404833998663,-1.462186927103261,-0.8706637179252587,-3.2977901730978476,-1.4280616270710889,-0.6177761743942463,-0.318792840726674
-0.02390738768187207,0.8278601563114941,-2.6831083587204025,-1.8575176512923772,-1.1823183080444695,-0.3114413951144186,-1.3780458110076552,0.40830796227999117,0.5591006629277765,-1.3121134272309665
-0.825505851903773,0.2293495794482204,0.5779969241894134,-0.7540265091040054,0.27049957321618845,-2.280776221451037,-2.2590999185133005,0.9215889169896274,-0.4781880769534272,0.596795538659526
2.2610115721852506,1.7429234197001608,-1.5746579560293734,-0.6262241950581113,-0.7607680743147767,-0.7436964039118141,-2.5197395414540087,-0.7561594335819806,-0.05657952056356243,-0.4182364964780508
-0.16150845175521045,-1.5591348627039812,-0.6887132124454072,-0.1770950921476725,0.29905026270005225,-1.9863578658497067,-2.1348253528778423,0.9538632417061367,-0.572400032708392,0.6193303543569812
5.2678832378655684,-1.8492036739320068,1.4998837760131047,-1.4128846210370487,-1.6489174731228609,1.0807729789768308,-2.943653761287526,-1.3615240052569115,-0.8391008806879581,-0.12238465300962514
1.1870715899804918,-1.4411052464584704,0.007345260698717058,2.335494592630165,0.7124376075880849,-1.313832630734742,1.5768748555172922,0.02516383049348316,0.497934839263723,-0.6626988343541756
1.5068452204677898,-0.4033200299598701,-1.515030015145342,1.2031410445772373,-0.09443383260718581,-0.42099472118455217,1.9324669233839986,-0.2754474289518105,1.013848708661287,-1.494823570706048
-6.453530365792894,-1.2794880405267528,1.8365020476830742,3.4963914577244966,1.4275300827206852,4.566623744967671,-2.203953527886517,-0.9771459788490731,0.6983261243808342,-0.5816070223618965
-0.5189168525285983,-0.5838313746166186,1.0813280610432319,1.2625561804354903,0.5190400162045208,-1.4374717495954368,1.344413781526184,0.34328769286087013,-0.51871192063017,0.764030432585384
1.4812542223688618,0.9885191237395343,-1.9597186750310773,0.20363523374913328,-0.49644184875046293,0.25092284616801885,0.6201597416089851,0.3588554233436586,-0.18274435628084712,0.012088006098352254
0.16424600034439793,0.33058212651708413,-2.900390182174028,-0.7672214957167824,-0.8815736316360637,0.17365832012387217,0.4822710292747503,0.32931471252983213,-0.025108289052070555,-0.2500792682357336
-0.37429480962671374,0.09375416212214706,1.3163336974292672,0.3969999783722983,1.981118121005483,-1.57063683295699,-0.21328614937034363,0.42750823894106277,-0.19037633490992972,0.4233254746473357
2.867159287284289,0.8799201361495753,-1.5863575772893088,0.9635812176630704,-0.35046968391806266,0.19932131458603114,0.5391451940403372,-0.7331443359947556,0.13773798992448277,-0.5363073157491732
2.231598694792991,-1.8131887101857174,1.0267279011202373,-2.275229150748459,-1.8937476868334917,1.569678244316357,0.6899669468768173,0.8375425009245089,0.9191458677075537,-1.7618432082185902
0.6667504046221884,-0.8645400116398674,0.537699140699913,1.6093176089146939,0.5985595283845989,-1.7438766606642282,-0.08724601022699832,0.7027478315538566,-0.3322086078535338,0.456921188633536
-1.0201254215819842,-0.05622604928939413,1.1986735389036083,1.5841093485139792,0.5155769359484966,-0.7367936096213507,-0.5970433790810937,0.38740254281930775,0.19516446568670737,-0.2279669749463182
-1.5281820698288682,0.6017702440716158,-2.2030865864264904,1.2189145934001655,-0.22752538679871617,3.3440845992087738,-0.8947809906793003,-0.15678663751469785,0.5737724767973524,-0.9444622336982691
0.07165502876462727,3.404961419861213,-0.2570800063461366,-1.2208165071041739,-0.9843123860946822,-0.14474693731479518,-0.2776307783383591,-2.0172943503665848,-1.1386833391856586,0.8169190594577939
-2.737083527085514,-0.43173437189472463,-2.2917068537946834,-2.293892741141732,-1.2621122074848135,-0.17873160458423337,0.7928333841389207,0.053879286309132,0.10535926705555239,-0.5815321970191624
2.4112792909005782,-3.5136675844312872,3.3593110914622413,-0.49690329852399795,-0.6160652059337881,0.2409236845942841,0.23209189707842506,0.9529313440640562,0.38469588806821975,-0.6330856916355901
2.191977617368618,-0.3650859461922775,-1.577229818040479,0.3640617751625406,-0.734343926855437,-0.9650920861968452,-0.01734380499660134,-3.2037026902318817,0.590376672083198,-1.9633009169057745
-1.1028123675605908,0.664560307104976,-0.9935543769466763,-0.6959369504988325,-0.4646024417904395,-0.18990216756073158,0.24119823094779655,0.47719278290833445,-0.8896920953886482,1.2131305718313063
1.5086599339266598,2.3215562629822504,-0.7651652708273761,0.31779382963761993,0.08804287883173118,0.1405236925314833,0.14320234653547173,0.5531332641901479,-0.5776819715598531,0.9565499652382159
0.5813391520129197,-0.07582659675679768,-1.2552681619994415,0.5866560091170838,0.03907957021887325,-0.12110155896364705,0.259868568350365,0.49907821319533124,-0.7463688788287081,1.1287726943549596
-1.0739188868851086,2.915747579191265,-0.710033192913217,-1.3924123951470433,-0.935694938142773,0.41891662895507253,0.18103874165282177,0.09377823783792685,-0.6713896993820011,0.6380853806137662
1.5899875772921936,-0.21385874053810577,-1.28964410085472,0.8431446602725822,-0.03620622850902883,-0.4851423389303449,0.291669098755552,0.3095119714230963,0.15121202799730826,-0.24367542783537122
-3.1479466884614933,1.695174142807123,0.6524441714944378,-0.27730886741062577,0.11993781230941826,1.6288529339854416,-0.7713004013823002,-0.10741024176945858,-0.29106746200527095,0.6984140339898786
-0.8663911304726326,2.7141201122291245,-0.6006857724828684,-1.5023865806705117,-0.8941672146093319,-0.5909160888901279,-0.051423186783278264,0.33308021462883725,0.06246525848657885,-0.23427719370936323
0.6349475557735705,-0.29388763106574617,-1.7117626572227336,0.017721115985180027,-0.389404643782972,-0.6250461534031685,0.8299563459488686,-0.03565441295988232,0.8094393004422159,-1.3094015103861496
1.7473989801485665,0.5266884917774888,-1.1193412599777095,1.7004346477763477,0.2709010823637655,1.1918587687851625,-0.5208171156778133,0.2206326010830112,-0.19575850886965307,0.4698893390728251
-1.557229410024136,3.161470394486292,1.2671153519586247,0.4696179381989434,0.004491983491170435,1.0847580671896657,-1.1862513136200572,-0.09068270296686465,0.7510398050528047,-0.9828901798729061
1.5841731869219389,0.7679638043572043,-1.1158911346062899,1.4650510666412349,0.13142121442201204,0.7094280964233148,1.292069626159844,0.23443959312996523,-0.4892174680176909,0.9813178657540872
-6.71534613717691,-1.0829269911998824,0.7459863730589775,1.562304192363438,0.632161894668073,3.271948250153097,-1.1752183877498328,-0.8142995229839869,1.1102336238700579,-1.546387580804943
1.3206567953084767,-0.450245565150793,-1.6571293600807284,0.8641884983652248,-0.15429253503299892,-0.5033340174732636,1.5147212847575768,-0.18506159814857173,0.9543193987597811,-1.4070231172493188
-1.69091177430832,1.3091273554810579,-1.923295882105295,0.10571493626658127,-0.48345167313046605,2.5305925373461196,0.3628472713921485,0.009799161471375236,-0.0032345600243042466,-0.24435928107690416
-2.222303369130273,-0.3737202578434783,1.1398746728654408,3.291348905490689,1.1224236216122694,1.6840157455349045,-0.7501999174765566,0.10239550079327381,0.22446535614424226,-0.06534308157161248
-2.81761642339404,1.2440022017026249,-0.3372904850509956,0.5541025001954377,0.025050553346127966,2.136327702598518,-0.14165882755391832,-0.07498607391859585,-0.3201048880712066,0.4607327081968339
-2.0709652462315833,-1.7672849080531554,0.6202185800799527,0.7178427239635683,0.42922195099629634,-0.9772030173235887,0.8304727472586568,-0.23169160448019477,0.13085988462804043,-0.14166579535940496
-3.9593063094324394,0.05449538742375818,1.5009799317304193,-1.2522254762781289,-0.19762727304420874,-1.759202955654398,1.2506100898829815,-0.0794511112405393,-0.558166769475519,0.730111585431366
-0.5707222041215367,1.4038096932657915,-1.5930276994330443,0.5733570221782469,-0.2827017963746858,2.051547741059671,0.3873899966226202,0.05203846577462307,-0.044682992839871746,-0.09413178472381546
-1.3370536302015419,-2.4829081978569096,-0.14564794350102425,0.5051789108023583,0.3570827307730764,-1.6051661962125492,1.3231053068607932,-0.1333710565011028,0.08107047789676444,-0.17478564336855135
-0.4775405100506913,1.0069143994008707,-0.4197201549607945,0.19871412581243098,-0.1769677575789883,0.09867671459338602,1.2359914518269377,0.2795464191697388,-0.7523902939261666,1.1003598953293312
-2.392085321765692,0.6215402015336258,1.4215742540625358,1.410862072974553,0.31567104573027804,0.029311870659121223,-0.05250041765058675,-0.14745617860079419,1.2264768190181081,-1.8005317344733798
2.047964991923522,-0.213664130795555,-1.1413791185274447,1.4914206621783253,0.6387282268131876,0.3962972449711846,1.3457105922016899,0.007396425435190129,-0.6565415685732134,1.314157208594153
-1.7938049726539336,2.8706361702774505,-0.8135588672711348,-0.20324623325802926,-0.7227432957301617,1.5973050901896686,0.9008531946443812,-0.3645146959144507,1.0060312911028289,-1.4609039376812711
2.0804725676854066,2.2771134038472582,0.7749632400858191,0.8418702038013142,-0.2010014521488225,-0.8898231536225839,0.707949009252312,-3.1982894953096017,0.14781697148972572,-0.9220054227421638
-1.5809630227649563,-0.2540378433753463,0.06354494388893203,-0.1312535750485416,-0.09775753405816504,-1.4562475283276208,1.1552396293624299,0.25896198755259664,0.011274793229510544,-0.27612804130786706
-2.5760096239860366,-0.14260558950969215,1.4339130927055537,2.5502309127984186,0.8135506736224231,1.2736684294957443,-0.9297012368547145,-0.08373950320701505,0.4340718377363837,-0.7279842173220362
1.069533655756393,1.344042864093336,-1.048687513010625,1.7315193400260689,0.19016931913331972,1.835956424358519,0.3174977193692675,0.17714491709851315,-0.2636682097060349,0.484418129310076
-2.180238704354628,-1.9222399339736842,-1.4326234328857244,-0.6005510757439418,-0.41858667699166807,-1.2189300625030193,1.3810245766826443,0.19707458419875123,0.046960094078779824,-0.5287544813835157
2.7864549656722604,0.048414459621678785,0.06801806971495078,1.0789683816688822,-0.3866365328878596,-0.26644880321568143,-0.06033083134236241,-5.0183032365709,-1.046624073590967,1.4442476874706143
-0.7321461527981358,2.3253216721461447,3.0368466189986045,1.4998157907941163,0.5951518537574274,-1.5455674602658065,1.093882113317772,0.1356677183507627,-0.07165087940234866,0.3216920407944546
-1.5597975248977924,0.6684717466066725,-1.6570873316069907,3.29234212406171,0.4691866343510686,5.0542720591478965,1.0085660166547787,-0.4030894191336004,0.1635447439804215,-0.05302596089956782
0.7796886383010903,-0.2736824261345701,2.50380250159599,2.8572916079879644,1.327593011841313,-1.4566732981143988,2.348699174902874,-0.21256589542769283,-0.10957289439212546,0.6952653059250828
0.8123039329671611,-1.6014223349646843,-0.366504279519885,1.4616440343546866,0.5642367644186955,-1.5900955714404041,0.38773721392475424,0.23103327240358207,0.33821136950630803,-0.49001392489945045
-0.5656055680083503,-0.8180852181917087,0.48516584295528264,1.1859125281381264,0.2872030805158237,-1.3688327469389212,0.005142338146302946,0.368304547990837,0.30522450471491064,-0.5199215556086969
2.6257855824530476,0.2434187836333833,-1.486708330865786,1.887821253069068,0.3667299984955426,0.4925154032003343,0.5200806224796954,0.27854137557795794,-0.3592294067590119,0.684538461824317
0.7270275005940497,-0.049563324333913,-1.2793512776728695,0.39119080488003966,-0.3214401187572716,-0.265802709396982,0.644277784426506,-1.1321996403318453,-0.47824387203216606,0.25666490572655637
3.9033357455248376,1.1315609382038054,4.0098781526809155,-1.0539642818371922,-1.2624449755049256,1.4362257968920895,0.24392241978947202,-0.9818572902462002,-0.4812515787713694,-0.021759262107022725
0.32873759393539387,-0.4197484683916054,-1.5404762974910777,0.6322345289051199,0.005096586499906727,0.12067408264449894,0.45113620920449554,0.4999686842851574,-0.8551810888667793,1.2891839641173857
1.6807599389979981,0.32646360729214063,-2.3016221410149895,0.6626079876289329,-0.21217603497668505,0.4669125463999588,0.5803916088976336,0.5106659383184785,-0.6460734097614699,0.8547953929920746
-4.311336094110385,-0.9052656399539385,1.6337922326914327,2.0936337155985125,1.0674659962196789,1.8516657857329093,-1.293447470356082,-0.4887992499535892,-0.30462322122758906,0.7851007540696558
-2.2814529183168166,-2.0806742523921233,-1.1359743902833226,-0.4082830641114627,-0.22789953079835476,-0.99902028203683,0.890055885979653,0.18359046681608038,-0.24327141504617464,-0.07802969833816631
-2.333424597665517,-1.1762139774074019,0.08198273766564668,0.07284765016878088,0.15046039341043868,-1.1313548649013525,0.19604018805720894,0.4176534445403228,-0.6931450841350413,0.7328922200398968
2.6708299341915676,-1.0913195637175699,0.5459003655527328,-2.029303602198674,-1.9394559658044919,2.4038551462485698,0.958786085488097,1.0679477722318718,0.21028694526700975,-0.713183311167414
1.4427595603275727,-0.3204238176346223,-1.45624224331749,0.9608963961005287,0.048640788651073186,-0.4211017995414192,0.4428036506260918,0.31638040989541644,0.035828280409100126,0.08240391183803826
1.0793233733055267,0.8986005061636009,-1.8609436056573248,0.5132098988879017,-0.25767609478058456,0.6394979448357858,0.3974685209676255,0.502687832680751,-0.6381169028696642,0.9675459283588133
2.2917588536708413,0.840971531371986,-1.8346438341749456,0.853058866004919,-0.17174640138000055,0.29207387020258285,0.44290873253802165,0.42756760866912213,-0.06075929432694999,0.08865260856919394
3.959685770486789,-1.9077889443801934,1.6720936726848856,-0.4329263340541981,-0.9106626181536319,2.103241183279022,0.7960281929467434,1.2126309136260442,-0.3422234241922299,0.30398975145809704
0.5068587301040257,1.340438300243554,-1.5758224458814376,-0.09532478690101594,-0.44161470957206056,0.5528150754795782,0.35307146362334246,0.5983803216969975,-0.9795170634649335,1.348363954994925
-2.8483542413440266,-1.6758188208363922,1.4566190699990484,4.582526845879411,1.9359690315604878,3.35097009224209,-2.2841234460858684,-0.4288354227706971,0.7359310045956212,-0.4413840034983158
-2.421495071501171,1.4877972688455432,-0.18675869989677707,0.4899989067030231,-0.05451351493506051,1.6707015552121824,-0.07898124843662595,-0.03640953434457893,-0.013441364459080129,0.15988648403365494
0.8317570704030872,-1.5188632382489424,-0.4002779079157006,0.6315390806813924,0.5172209374405505,-2.375685080199587,-3.4204260672047595,1.3211493856069756,-0.4418034204804174,0.5326612676833665
1.8121946376273825,3.993883615400023,0.07868150654590463,-1.5662163484632692,-0.3460083965244436,-1.4356347083599248,-4.241109466841877,1.2205511160988904,0.05480672980328122,0.008421344572301875
1.112256858899511,-1.386215259519323,-0.18620196488098106,1.0744235434838845,0.6004621802111053,-2.1634343417700155,-2.674388800619293,0.7997666571016833,-0.2981695421392215,0.1966978502438018
-1.0342807223865205,0.5175036151804107,-2.980226585788293,-1.2189475785413302,-0.8446235659925585,1.1244695912213536,-2.3680133964773553,0.6827899780609542,-0.011729524309058196,-0.239649849255497
0.004476785037751379,2.5679557791836607,-1.3287966003350862,-1.9176016233416144,-0.9011073122258897,-0.4484843777109004,-4.359266742526491,0.470876696996823,-0.4185816880064385,0.2234781259459027
-0.04962106474235416,1.161980423689072,-0.9029555823415282,-1.8639403014332525,2.2185781263746245,-0.06450333248369373,-2.653655999470648,0.3293538703823593,0.26114052298969137,-0.5120117248492152
1.5300231073495665,1.803208007782349,-1.627289453305517,-0.8296271540797825,-0.6347206609019356,-0.5814538537834728,-1.9929012762914777,0.2518211947531813,-0.14268792649291925,-0.07584996709868219
4.77029156493621,-1.3589513776482438,0.2544434171746471,-1.6376849234610165,-1.6575007968928361,1.689549747055786,-1.9963759760383113,1.6261411612175976,0.38107133463759146,-0.9249514696782066
-0.14815587934682967,-2.640228711367673,-0.17437907909019773,-1.4768273902418878,-0.46932214740034617,-1.8996237767012296,-4.071550194565551,1.2311566376509502,0.15083372537062587,-0.8442550491362537
-0.2824127098297538,-1.9722469867443408,0.6842706278105267,1.4546246052055969,0.6053758335979517,-1.5148608380658428,1.7946651523554775,-0.16490628871973811,0.13738866769957084,-0.08172820700996647
0.07875671289331784,0.7982121375874633,-0.17307825553542594,1.4229543193289618,0.07174496054015282,0.20125995685111636,2.5667032493220128,-0.13397288061832557,0.15915494361626745,0.12452086901540928
-0.8150854543945751,0.6540794509865853,-0.10056307269726625,-2.369485790097019,6.0166295537152426,0.900765898026139,3.0315054180931074,-0.7516090907512615,-0.8500054402439954,1.7941922978608689
-0.4772062504210013,3.238628485686944,-0.029763836054195927,-0.2101715224278157,-0.6050761726467947,1.1230397908670753,0.8123731797335828,-0.13814725521713733,-0.6280014433162273,0.684640251467829
-4.315630462001368,-0.76110314699269,1.2360699348180915,-0.2625201169430043,0.09491727736584567,-0.32786099522265694,1.3381088637272642,-0.2926754679035827,-0.501849081168443,0.6222380482567823
0.13144767209707478,-1.6815294964858192,-0.29672960465241177,0.7067380849127601,0.32411698058279675,-2.222249144496792,-0.017575775908127998,0.14811128097315035,1.115479105466855,-1.6847474082620388
3.2596480927240052,-1.948570889130097,3.8816655304026244,0.030644917052524492,-0.4670788138231349,0.34298498617182194,-0.0324153304111016,1.4305797922936387,-0.001542952735012355,-0.26728113039063567
1.073630198544474,-1.675916462120908,-0.46394706821525566,1.3428741840249716,0.4036891308822171,-2.2031601818652207,-0.39732159093859026,0.3998992062102328,0.9338630744882788,-1.5318741472224582
-6.493701694099986,-0.8420528534117272,1.8764002705771308,0.9087250663140122,0.6221840536862555,2.445409087478698,-2.715159807135089,-0.5603934486562249,0.3428522076796303,-0.26243868399946557
1.1477553478253713,-0.10487519627283742,-1.32953142486871,0.48572328542264653,0.06965550169161555,-0.5476907236867725,-0.524353735506263,0.6135068331188874,-0.44531365915649535,0.7365594161880342
1.8793878516001423,0.01084722974938086,-1.2807598548351005,0.7811472587262461,0.2480050058617602,-0.7831957728293552,-0.14952964300811286,0.26935343328888534,0.5843237488382622,-0.7062400454371734
0.7926229331730611,0.4584173178848542,-2.233688265082311,-0.27382823755730423,-0.01718826484061192,0.46848735964214255,-0.28780641661405837,0.2460968097701715,0.4069131353008133,-0.7973708193304382
-1.280072953865433,0.37912324177663476,1.8894920127407302,1.3714090402339658,0.7028146724152347,-0.4719541013426437,-1.2516799095931663,0.44082820627904,0.030393876839144116,0.0923030693168376
-2.52726734939081,-1.8453091396752324,-1.4847545565556417,-1.5903346487101286,-0.12654945091483674,-0.26431284162585816,0.10862651079615689,0.22922008391830134,-1.096450232993829,1.6655051799907497
-2.4096013425383247,-0.513096008014761,0.8884403783488296,1.1658592469530191,0.4259001036865996,0.016121083768726636,-1.3933175693447075,0.3556551101066476,-0.1776088979882682,0.07351029416959406
1.808923098308149,-0.8711295795349919,-0.9813471259271119,1.2676677389599125,0.5328032363519882,-1.0003187025802704,-0.16293350720632002,0.407252358197275,0.07181304169242625,0.25533644935768746
2.248234151640033,0.3404026854939146,-2.4491628021322165,0.28556573369402316,-0.6005607213031867,0.09503572761021821,0.22172528619770382,-0.7569669723162075,0.23138414314538222,-0.8628846214613832
3.5189064888299697,-3.3309284490580744,3.9781815769570024,-0.15276816794132547,-0.8051143889847462,0.3194696040630134,-0.8972126651808735,-1.9774606378202666,-0.6804588519269651,0.04958569844910727
1.759309423168836,1.8510769895950527,-1.1838514993540772,0.21597417057420612,-0.2045514585427397,-0.4599910150416869,-0.4145422557543613,0.4010064751093557,0.3389907591786365,-0.49439663574810283
4.9412235519645895,0.3046549123873858,-1.9567925782453122,-7.754869085869875,19.97689407631234,2.413652800641069,0.737283142375515,-1.1035675685503192,0.4009878280930863,-0.7824587478140077
-0.6857943724216158,1.986540399681868,-0.06655279648386184,-1.3688712779781467,-0.6768501419198885,-0.9568742643770868,0.3371682172322318,0.06332418145048478,0.6689622593650696,-1.1345592278658054
2.6808388790826974,0.4490939859205088,-2.3057701463185794,0.9740755256870123,-0.22329652891334584,0.010454242033820171,-0.04594580070886962,0.023072692138746888,0.13376712775019298,-0.39384330776672327
-1.8450360770765202,1.730006459096292,3.2189209967296537,-0.15830857090853703,0.6800438810319421,-2.0344571789836077,-0.5053394265284596,-0.24884093300134547,-0.2788107817209826,0.5810784088679246
0.09148032097910429,1.1139003684812883,-0.43188539230662404,-0.3003928146945932,-0.1768825109548081,-0.5370555802504744,-0.623744630811115,0.6813990051321325,-0.742273398427935,1.147581198318059
2.011601956986551,-1.988572841016365,1.0659345171674868,-2.2547464607344225,-1.6063770935328945,1.9155227837868323,-0.2666236247179937,1.4748981049818706,-0.689682585360978,0.6472687223289303
0.4026186437521421,-0.05715499259954626,-0.08184190037714598,-0.10377706646352357,0.271630313047794,-0.462995259457073,-0.23813701920182911,0.43961861288982496,-0.8280092632341682,1.850160870573199
-0.6380436995875072,1.415629448725242,-1.8697915716822628,-1.2493846917233775,-0.834430784080564,0.4070931678928116,-0.4058273380080017,0.5393494088066141,-0.6287301716659563,0.6199683316893073
1.877495658519469,0.01005187949631665,-1.2825588876271312,0.7913414831077524,0.23250303320148763,-0.7864801032991974,-0.15014092328524206,0.2706213471550479,0.582949668430517,-0.7033688937019962
2.5500732566033655,-0.05618136022751794,-1.255318942162959,0.7235553713747153,1.8096834751695718,-0.5618410552501643,-0.14075474049491835,0.17736919645762395,0.4709871207054651,-0.43464396101684677
0.7703884335413722,-0.8053850144312813,0.10111816541702233,1.1007859856033124,0.632610479971237,-0.7536490041885677,-0.48107501210842585,-0.5433266960696813,-0.32888281884690096,0.9424535379176938
-3.3070234015415756,0.8501624677477881,-1.581674057014035,-3.215196140292146,-1.4598572526403013,-0.7069408229946489,0.470038017720158,0.08008945448924602,0.2622394917433122,-0.8271033595402033
1.428358397363868,-0.9092992379126864,0.41143767887459803,1.7383692539098654,0.9009349037211477,-1.783592845795124,-0.7204552733930626,0.671946677899882,-0.1572737279732777,0.46447481632839116
1.3361382976405543,-0.49626293644974473,-1.6093120091913389,0.7364565733097942,0.017096103580693696,-0.41015621021771576,0.2242363825566951,0.3693962139644547,-0.18112790735618767,0.1813476479474715
0.8117180715844553,0.25310289628464455,-2.2147959814919576,-0.40356919124372054,-0.4480955036403342,-0.13657222334812613,-0.2729635032238888,0.3788099145947693,0.04652570310452941,-0.09599156914596364
-2.8721017748208646,-1.0701229372762726,1.2353932318226597,0.02562502052769977,0.3159417103622016,-0.9364190756988104,-0.5738255529475105,0.1798301738065296,-0.4146287367033104,0.890621080790022
-3.175103405280905,1.6032210918307668,1.1466278970881223,-1.8305184265793413,-0.2132252128761601,-1.6163535184161524,-0.5741379787562789,0.6196511333332474,-0.6384233138031876,0.45870121876001696
-2.9061578712500835,-1.388975093573424,-1.2719981271948282,-1.913541493000905,-0.5176243311941919,-0.5538214661022174,0.23849178083898423,0.1706998698336793,-0.8593554904390119,1.298289306849427
-1.4335192676992359,-1.968516043566875,-1.0615209859167682,-0.1818968190463756,-0.0703328999703353,-1.390633862223802,0.35893265126406876,0.42613128040916304,-0.414759438187687,0.25452853677739445
0.4759693853799902,-0.07205813636268461,1.2658429850268422,1.299456104119377,0.6004035824263211,-1.7415919123295114,-0.49438953042068734,0.5774967757477332,0.17342791708797636,-0.29030642198161516
4.131420769393784,-0.8277976338695081,2.498904856102394,-0.6149193464707846,-0.8950526110028656,1.6947155904573004,-0.16481872671034145,1.361015836274595,-0.11532375752766792,0.1959456454684228
1.4004811764134113,1.5878169644087883,-1.4007110039570354,-0.033714650896669585,-0.37560673421615876,0.04893260940389204,-0.19918478281025506,0.5922898981552029,-0.4603896158653203,0.5640322447247088
4.198296510520388,-1.946546674865944,1.3596169500426907,-0.6660705385282546,-1.1998813630611822,1.6489042920888681,0.03161489913080272,1.1559591647312872,0.4027987045668505,-0.8590017191239162
0.46573480584633653,-0.5978525994614927,-1.963419796578551,-0.3111687006783667,0.07642418906130484,0.16187663034713834,-0.040988380390442974,0.3141741862438576,-0.9656899852734478,1.5256029887703682
3.2078252380079544,-2.540730500760246,3.7100200865105557,0.18084779965947387,-0.44413994009352653,0.4523472631969584,-0.4399869186935567,1.428995953255263,0.036396044988128505,-0.11076700573215104
0.31427375650233397,-3.9427197988502747,2.4602784271176663,-2.472936324772236,-1.3390698870932016,0.11524144564944132,0.3657257778851137,0.7225912402411735,0.8922088485903146,-1.6252633117679423
3.7950009647542173,-1.4448469314252876,2.1381398525586053,0.09284107098451173,-0.8611002112054453,2.5796377535487562,-0.4962507291411117,1.2218282159367975,-0.0431878176425139,0.013686474726029954
2.3294621600232364,1.8805611593834943,0.7167554045684745,1.2072326980623802,0.3737142276367332,-0.7596544925577463,-0.33418602352879595,0.5431605713637672,-0.22751118203238144,0.5435473208911279
2.159326016587917,2.0910154259480938,-1.1352962694418125,0.34149808943669274,-0.595041989271458,-0.29814545379201174,-0.11033079177746681,-1.3033643436975826,0.1797085178807313,-0.7713106750572555
-0.2738624957740526,-1.7383368657912732,-0.4165528148688088,0.42922445398068954,0.2258031183722054,-2.1817224969162083,0.04882829813304389,0.18130330217024224,0.9544583804672613,-1.471785146483282
1.468837752765341,0.34037077556741924,-2.0374721333330084,0.16309354863635556,-0.22129844606283747,0.23062740520621927,-0.32309259576367777,0.4758079816360392,-0.7411508222455159,0.9348019182948111
0.3547955229952453,-0.7451662728691835,-0.0031983920250722815,0.75231923492395,0.5976979285054842,-0.5812849794648519,0.10314074344258163,0.18548439607298886,-0.6142493762122948,1.3699736618601401
-0.5264138214650775,-1.77146139165016,-0.5355360342121614,0.75272131085252,0.2818756405774556,-1.232354801530167,0.5117049025168233,0.5194019221710507,-0.7380291937423564,0.9170763095418251
0.5239155324628388,1.8217157752854718,-0.517702709835219,1.5423439751889403,0.09063433313990917,1.9412338158994666,-0.402018115753354,0.09666037718301886,0.36815290408519985,-0.39152558904362394
3.4409191870732663,1.4945259217817057,4.21315611420226,-0.8942618175834403,-0.9423723315011132,1.4656579582617446,0.5921971011709063,1.1283262731568056,-0.0864725474277767,0.14224733515922447
-2.043876926025332,1.1156151224600952,-0.19292105302154539,1.759776290875222,0.4065357489487261,2.9630582611860774,-1.0996852667322796,0.07664254575377885,-0.002860948673208171,0.16914134893862853
1.001798590854106,0.6718864479358553,-1.6717496968608434,0.06673794806741137,-0.2973350364792245,0.23798872497599907,0.6983233482342581,0.30353751761362047,-0.5130149870219539,0.635243828649049
-1.0612701279863863,-2.013078385225421,0.30124739697664094,0.5351668894522528,0.45712984198594975,-1.7547883456698614,0.5843957053441823,0.13116221900198044,-0.18164695567965491,0.38048090622802533
-2.6499409078509526,-1.581887165939381,0.7552428859132637,3.265677838163205,1.3958201471024174,2.116835965889362,-2.0278496089222195,0.03702030389853227,0.23812170303700245,-0.024023232574649674
1.6720747849848219,-1.327286216718179,0.7699800024568334,2.0910833353470193,0.7840403369423964,-1.8597289782743651,-0.06108364348947309,0.4973120682482607,0.28662093520734017,-0.29949283142847577
0.06238758852886827,-2.6291957160601633,1.4248584776556077,0.5681542090679546,0.30860606020517445,-0.8631154193607726,0.4695162982099696,0.44896517190951307,-0.767128453301284,0.9033811242510857
-1.5478916267327767,-2.5515840948214854,-0.23674069971743156,0.19310873449499794,0.3153939137432269,-1.616315193651355,0.6776137201183985,0.15613873809230816,-0.4059010569975747,0.5758995077590404
3.564192866104267,0.5663109714397928,-1.7831240475171681,1.0434760169787458,-0.5413315453777912,0.0803519548934437,-0.2672748044844667,-2.7184132423666583,-0.5003292838701406,-0.3035375190060487
0.020433553071303796,-0.38722774920221914,-1.8975779760524027,-0.19853507106003512,-0.4640424880919637,-0.47139014038447824,0.915438366226601,0.06957460390264898,0.3690650036173812,-0.6634484741358522
-0.3645545447894515,-2.594264198114285,1.03196407745276,-0.7760767069859382,1.5226284676272652,-0.8136101294994686,0.39162150641201765,0.07442515595264035,0.041792834065457654,-0.38033358122135197
-0.07504793336384394,4.395116635486027,2.3055099488375346,0.6830864489507146,0.23431408269585177,-0.21959186757981627,-0.3524546892880417,0.23232888498040827,0.2793219581477495,0.21355783468406864
-3.501070747472843,0.5730550428384755,5.481345442598545,-5.00852386403284,-1.9499972676701964,-0.1407236227536485,0.7671487099650354,0.7457207126049856,-0.19013323002780658,-0.1265064117470993
-0.4303866651612801,-2.888907392116102,-0.5359168196900557,-3.067386149689256,-2.3650439464972135,0.12391009688885549,-0.2368713695970802,-8.687853876436499,-1.1669521212161882,1.5062069224424122
-0.8275414948202992,-0.4384602373804405,0.7973172733908311,0.6937965480547528,0.29253148818013636,-1.8847020350726627,0.44452699602890683,0.35147385111412266,0.035096887616161906,-0.010506076118354813
-0.12448018912463493,-2.040863216216144,-0.677519448474043,0.37881270103626935,-0.11150239300244329,-1.648778685117681,0.6392966147346127,-1.910712308559669,0.5182232436264524,-0.7251416725851609
0.912552748411904,0.6343696366447682,-0.34418911027211513,-1.2473020947771083,-0.9443254605299899,0.2361445280292568,1.4102122380783462,-0.1092156373385351,1.3001819028141355,-1.574597580423165
2.3761111519614184,5.785270549030595,7.369797545313497,-2.1863349836141226,-0.34017204816842816,0.8948224470110456,0.6717185328138745,0.9236229671361785,0.14023638389978577,-0.04374225979978337
0.7097133041877971,-1.2385300973649254,1.6867637538237787,-2.3669450536695638,-1.8796610150250275,2.3686364156353754,1.76204216061271,1.0786687938266846,-0.8115584987055878,0.7932414909749783
-1.9513311646487623,-0.6704227025599487,-3.394034290521184,-1.610607798408281,-1.6326024957679788,1.4601630643787624,1.4710505368055786,-1.3802962612818053,0.15591792712329952,-1.150087852711329
1.0757970110653494,0.20875969360623267,-1.008013294566177,1.1214705602875437,0.023031707265586697,-0.2484880833258908,1.5646626286497907,0.05713304048179887,0.02311499035486125,-0.0382348126001351
-1.3751369170479528,-2.1843370361538996,0.15604588954238197,0.15875760816945297,0.2879779065281876,-1.7011018443483383,1.512653818535976,-0.680175887709446,0.39160994728928633,-0.6080738601997987
1.9013374840524722,-2.754043344042043,4.240397199958654,-0.050379185401456104,-0.41054464742492486,0.7735800494935979,1.848530097363546,0.7932635784166443,-0.3778622613514699,0.4456408004544033
1.7990432189177044,-0.2736981409102311,-0.9759933571909121,1.9860519687734315,0.47758667549154105,0.15909367066284083,1.5454723509997015,0.159314649834607,-0.4012280121539699,0.7078198494810013
1.6689906617782868,1.7110014891410557,2.230825457151491,1.6540770458331946,0.3762632600916133,-1.2890488109544733,0.5135890510872417,-2.1312507456878667,-0.5658921378914871,0.42371258178598215
1.632049192278691,0.14159364800082416,-1.7619809982270742,1.2881358268797996,0.12141878522230315,0.6738805245565446,0.7769238997361102,0.32637761036460955,-0.6341459739548272,0.9891397340797027
2.079345113596008,0.7155945302477176,-0.5379990628611933,2.011517196035053,0.32893708801310223,-0.1128946306952361,1.2882180688918508,0.3576620834956093,-0.2772169375339083,0.6037641834662374
0.2006167380362514,-0.9971625775858967,1.6007051525172187,1.888688567435214,0.8128799759632297,-1.6945553756801932,1.6358149401231645,-0.11407474585226526,0.22448409915307124,0.04360633873272123
-2.276922342003542,0.41182797680459066,1.9743433475935723,3.577047009088787,1.4851826937034716,1.8775569466364572,-0.6424374145037426,-0.011199298608288564,0.40173587724640486,-0.14402143986432556
-0.16058260846945954,-1.6195078234775653,0.29581683131359765,0.9921608298629223,0.5583141142924636,-1.6126420922613816,1.0513461032283373,-0.16925330866326474,0.334135694709089,-0.2629612518274436
-0.028127535897223537,0.6376409469422811,-0.7528351089614186,-0.10861794129467207,-0.26427812936725326,-0.2303498792636033,1.1767976855718039,-0.21419111847234054,-0.3930735115061929,0.3974406304451095
-2.772035127431975,1.5372325171932357,2.274155044296169,0.33653409292332764,0.11400823007897651,-0.9164965445482193,0.9539571155711675,0.135040545264535,-0.1482185742675356,0.1333990040423173
1.1406919833637177,0.728682815988035,-2.1087901686801396,0.8558722629756949,-0.27167009662726754,0.9266914084792314,0.965893005717986,0.34833820924385905,-0.5006778929321282,0.6789015664724509
-1.0517360526305826,-0.9337766642882436,0.12322031906030087,0.9687895379637248,0.14599453080842026,-1.1816805418081546,0.5213069348033491,0.11276058860105427,0.9151085953560711,-1.4244434125997163
1.4035305446470343,3.7182485755779244,0.23126851897622902,0.3671154617143543,-0.4947717189164542,-0.26055740961938184,1.1617956680207542,-0.07822959122147496,0.9247596625951268,-1.263550601548248
-0.15787936739143504,-0.04847317353696881,-1.1684828617083325,1.089662439961174,0.022783951987898874,0.7491890237152874,1.3186495063990538,0.1298365144414254,-0.34135035985619283,0.5886118478226425
-2.3800714314287204,1.8742377984163034,-1.9151269259598551,-2.315308413044988,-1.5853183475449926,0.3722805448690326,1.8610831375767434,-0.14247678322257473,0.230185858095923,-0.8237075336203769
-2.390847153415729,2.050502322758159,-0.28258331349389837,-1.3282867868272232,-0.6772124863235296,-0.22462318505237022,1.499498515660806,0.023375082688635127,-0.27956646830513604,0.25723807058987913
-3.7787049250028835,-0.726498519180436,0.21199491790611438,-0.42267903822163616,0.35470072254252377,-0.06792199509346668,1.231148244999007,0.04525014077166623,-0.7101237371781656,0.6262104234236394
-3.149450900660011,3.0892225935739357,-0.25495721931717535,-2.617454953919985,-1.1912926787926217,-0.16401953567375407,1.2519278422297067,-0.2697171525984937,0.40932919508717247,-0.7209174840702947
-1.0733457547791188,1.1732982998975625,-2.102516924188528,-1.1443479458838028,-1.2167246309632855,0.558956927490203,2.548750584012667,-0.17101933067084857,0.25616466143735517,-0.7136352098057691
-2.271783485258007,1.8185906835059988,0.23384899063935635,-0.0283261824617372,-0.5026057298959703,1.0838592352538419,0.9598264425936422,-0.9240956682246053,0.1922130679080868,-0.1215135685210609
0.0687476250030832,2.2302381361112866,-0.67098016363888,1.6409177947612776,-0.002858697430833783,2.2507878296514274,0.4469844027845201,-0.0016356940932176695,0.2863904930948843,-0.26056238642402474
-3.514789994206164,-1.5545400698945884,-0.14974507977244206,-2.034571714573153,-1.0462345573003369,-1.0168187844979861,1.4017538745275253,0.4135491186160207,-0.2447530067891951,-0.2457598849533067
-2.8896172841357113,-1.3758918205996813,0.6498443406625904,-0.30597995885509854,1.8682096529174737,-0.45974954091172865,0.7874976737887307,-0.3929526144129319,0.08237532278134033,-0.0207404572309715
-2.6717079328852935,2.296103746220756,3.7181952794443203,-0.5183292578101094,0.35741290011447413,-2.0766834074217906,0.9374125908648662,-0.36508687392294276,-0.4633946875715943,1.0257026413682322
-5.186434153706378,-0.3548587674279921,1.1607060216200709,2.2726722006845614,0.7017799593972502,2.7297810095733865,-1.1989536843026491,-0.2550814404804356,0.10804564406451153,-0.22133301187483226
0.1818253030190219,11.010029742328951,5.588368059449874,-1.1747298529670012,-0.7028675406559682,-1.6785791596471973,0.3281218235074626,-1.5737774149651904,0.5645315341663182,-1.068937288396509
2.418551530841838,-0.3761877895203551,2.58049286946918,-1.4500472112221676,-1.882259617168652,1.8952612750976998,1.8120038048065819,-0.8035838579348957,1.0692982524770835,-1.8441046527352718
-2.622656074915822,4.54421082452782,4.214308874151127,0.018998457188243046,0.11661553464744168,-2.0706392299991276,1.0303511660290618,0.2599272377530333,-0.4012513055702486,0.7774130642498571
1.8000920429543092,1.894846793304795,-0.6736288355885364,1.7472344393009624,1.1242485287260906,1.8479277168115003,1.3522470880314126,-0.241374417557555,0.8017688709397327,-1.0049310629444497
-1.0097749870770367,1.1166575664872436,-0.5550301113384175,0.1285070585929381,-0.44208549848802053,0.16666753814474272,1.6922445114163742,-0.3266593273295879,0.7275843875267904,-1.0342731733290762
-0.363347875686001,5.814074167549885,6.833635666066026,-0.1419505236690636,2.532539008302593,-2.64767987789615,-0.11998275987289507,-1.1883825422629124,0.08383798390097148,0.20013876369133404
1.2264752664421947,2.2174746053258576,-1.1755400068952104,0.10304592307657219,-0.5941540164215605,-0.19844447416207608,1.3553415037849321,-0.13056302197964934,0.859363471172928,-1.4283182653778825
0.16977431550309918,-0.48664708464124523,1.0386936930839905,2.1076951580852192,0.7190494150805147,-1.1273383627445723,1.3580048756137562,0.3692894731726696,-0.2739856120418578,0.474871091845475
-1.9782630967099288,1.0087616311457464,-1.2254317712902216,3.655226383675194,0.5959938227444113,5.600845235799334,1.2504074873261442,-0.5848126553957097,0.1841094295772377,-0.04608111764873626
-2.9922833886008786,0.17720789444383755,-0.12393371188674411,-1.55525623207562,-0.6332252850845187,-0.9299657675141917,1.708016084790217,-0.1363002172283325,-0.14492244659775474,-0.1250460292488364
-2.2242611817732647,-3.641692384561125,1.8150850046997897,-3.5535654525877987,-2.1331362342415217,1.0926250818432213,1.8062764487802645,0.8968757819041552,-0.25307708089516057,-0.4669113811113203
-0.6578997401620228,-0.45280464444283647,0.9114140009803571,3.1098252392356147,1.1585548381278339,1.4516459135518676,-0.8521480762296539,-0.31659946482618817,0.07441809338767093,0.08527719293000499
-0.3968988296179712,-1.4230730741879705,-0.05873880796200436,1.1052924134385587,0.4701272721891669,-1.3712845262857605,1.2066343674342925,0.4058896409669214,-0.3189925502216071,0.2938683653888834
-3.208872952719458,-0.42075651715811335,0.16089101304772255,0.27028029604122994,-0.0960928291817762,1.1825497320881728,0.16564580663665615,-0.45012631834028205,-0.09410062414281162,-0.12868603292836284
2.8264632445297626,-1.7794945227702037,1.7476949454527158,-0.5502569013901989,-1.288725733145251,2.5861380288507614,2.312712759454158,0.6068716275057674,-0.3776598211274231,0.19677573154963404
-0.05873732046175913,-2.4634574674173972,0.6219134516654656,0.6921527826889301,-0.07295671958836465,-0.6861314636498894,2.1045043338738423,0.20397219758035962,-0.058365719007406044,-0.5028936875602067
-4.974190256060625,1.575154077316748,1.3565853582278644,-2.1673536434974063,-0.8846637785686747,-1.5832975029538194,-0.40401231330069765,0.21817616853760496,0.23267827601999605,-0.6239226249029268
-1.4813062283307679,-1.872971114965438,1.46212379863793,2.366979159419535,1.160165899170128,0.5570407798905839,-1.5764123332050737,-0.06910154260928936,0.07190499474313626,0.16273659249338177
3.851451749239004,-2.0856364746541165,1.125065073258565,-2.038114762450594,-2.064576390058822,1.363072235678218,-0.4154756708601009,-2.4721367182845286,0.29489473021149015,-1.7399019315568538
-0.401285279219982,-0.25479475750159125,-2.9848060451605827,-1.2142157994733511,-0.776829859245253,0.21669428943139823,0.1756153462343149,0.37190227108047,-0.5670141956154928,0.519064083430358
-2.6396642169802766,-0.1513221762851258,0.34583976806868005,-0.46917582388850887,-0.3095968903968152,-1.2076563439104828,-1.1708731526875564,0.3356072064164823,0.7381647886229965,-1.3047809619376165
2.220630609870363,3.435915317303483,0.15889150067830957,0.37414564319950305,0.6682507312585005,0.05630205043687682,-0.6448502424864457,0.4065525661692187,-0.2939897440486879,0.5225296410722103
1.735211303880273,-2.3152441993590784,3.3424923704701026,-1.2260012800002154,-1.0563817738757473,0.1868645073494502,-0.23707179808456794,1.243946468196078,0.238286360433833,-0.780836308682051
1.452635926153109,1.7317838095744407,-1.4750926884938667,-0.25569692937417415,-0.6137096445824891,-0.21854778481135725,-0.39347248573219457,0.4544152031353604,0.18532245655738125,-0.4242925678629551
-1.0084159775141512,-1.7909221909904098,-0.4477552911222711,1.5287159454995156,0.442160044941691,-0.3266136841279538,-0.8587117732288647,0.16689405544847988,0.6572371696167891,-1.2476795818383273
1.9317725368230088,0.9815110519594124,-0.0406104343975892,1.2407043481392706,0.22283428623813198,-0.2831602882248338,-0.4441315284374907,0.47013776450021016,-0.1327395112179187,0.27162300115030674
1.8410707553106218,-1.2122303984067482,0.4838599155649527,2.1631245955163427,0.7992581420426133,-1.889935824441708,-0.5815282159443154,0.7526584448654688,-0.10505355107620441,0.1273836679120094
0.5885164096289258,-1.0637676327859371,0.17062417057220816,2.0957518875477867,0.632914126726332,-1.1596378580297773,1.5181791588868618,0.007280770900288442,0.44596443491072474,-0.5840867672300719
0.6149628379510753,-1.7953086635679258,-0.5606672037604743,1.6846545710662344,0.3562104346101472,-1.085874440408466,1.6199108034096752,0.22692794516040204,0.2323322439301272,-0.5281829600837874
-1.9435386003867927,1.7839787251523456,-1.67319312879871,0.09955197003386403,-0.5853042999937754,2.228391764535339,0.9110749851707003,-0.12787721741750155,-0.015488091163580273,-0.13686364138567214
2.177222065216736,-1.3739969569836654,5.4453993356039065,0.2043445759400577,-0.3038720278494464,0.5184256386040877,1.4989630491746146,0.800782502061512,-0.1164817028315157,0.35636177410304704
